TITLE,PRICE,URL,PLATFORM,SEARCH_TERM
TWSBI(ツイスビー)消耗品 ボトルインク 70ml レッド,THB 798.80,https://www.amazon.co.jp/dp/B082P5Y1YK,Amazon JP,インク TWSBI エコ
TACCIA 万年筆用インク 水性染料 浮世絵インク 東洲斎写楽 黒茶,"THB 365.58, 参考: THB 401.68 (含税)",https://www.amazon.co.jp/dp/B07X61V1VD,Amazon JP,インク TWSBI エコ
ツイスビー 万年筆 ダイヤモンド５８０ＡＬ Ｒ ＴＷ７００７４ プルシアンブルー,"THB 3,423.41 THB 3,423 . 41",https://www.amazon.co.jp/dp/B088K8KQVW,Amazon JP,ペン TWSBI エコ
ゼブラ デスクペン フロス 0.7 グラスブラック BA65-GBK,THB 182.79 THB 182 . 79 参考: THB 273.87,https://www.amazon.co.jp/dp/B003G0WUAE,Amazon JP,ペン TWSBI エコ
ツイスビー 万年筆 バキューム７００Ｒ ＴＷ１００２９ クリア,"THB 5,046.31 （3点の新品）",https://www.amazon.co.jp/dp/B06XY8JKCC,Amazon JP,ペン TWSBI エコ
TWSBI Diamond 580万年筆 ペン先の文字幅はEF,"THB 5,027.64 （1点の新品）",https://www.amazon.co.jp/dp/B00C5LI7HA,Amazon JP,ペン TWSBI エコ
TWSBIダイアモンドミニクラシック万年筆EFペン先,"THB 4,870.37 （1点の新品）",https://www.amazon.co.jp/dp/B009V3WXY8,Amazon JP,ペン TWSBI エコ
Yongsheng クリアクラシカル万年筆 細字ペン先 矢印クリップ ピストン充填システム,THB 383.84 （1点の新品）,https://www.amazon.co.jp/dp/B07NXX9JLJ,Amazon JP,ペン TWSBI エコ
ツイスビー 万年筆 ダイヤモンド５８０ クリア,"THB 4,870.16 （1点の新品）",https://www.amazon.co.jp/dp/B00BT1BLRU,Amazon JP,ペン TWSBI エコ
+7 Wikult Jinhao X159 アイボリーホワイトアクリル万年筆 サイズ8 細字ペン先,THB 761.03 THB 761 . 03 残り14点,https://www.amazon.co.jp/dp/B0BN1G4QF2,Amazon JP,ペン TWSBI エコ
ツイスビー 万年筆 バキューム７００Ｒ ＴＷ１００２９ クリア,"THB 5,167.69 （1点の新品）",https://www.amazon.co.jp/dp/B06XY529FS,Amazon JP,ペン TWSBI エコ
"TWSBI Precisionガンメタル万年筆, EF","THB 4,326.36 （2点の新品）",https://www.amazon.co.jp/dp/B07BK9WC6X,Amazon JP,ペン TWSBI エコ
TWSBI Diamond 580ALR ニッケルグレー 万年筆ペン先 Stub1.1,"THB 4,456.86 （3点の新品）",https://www.amazon.co.jp/dp/B07F44K3B7,Amazon JP,ペン TWSBI エコ
ツイスビー 万年筆 バキューム７００Ｒ ＴＷ１００２９ クリア スタブ１．１ｍｍ,"THB 4,907.51 （2点の新品）",https://www.amazon.co.jp/dp/B06XY5BFY2,Amazon JP,ペン TWSBI エコ
TWSBIダイアモンドミニクラシック万年筆stub1.1ペン先,"THB 3,668.44 （2点の新品）",https://www.amazon.co.jp/dp/B00ATTLSS0,Amazon JP,ペン TWSBI エコ
TWSBI 精密 ガンメタル 万年筆 M,"￥5,172.46",https://www.amazon.co.jp/dp/B07BK9Q89K,Amazon JP,ペン TWSBI エコ
TWSBI Precisionガンメタル万年筆、stub1.1,"￥5,069.96",https://www.amazon.co.jp/dp/B07BKB11V1,Amazon JP,ペン TWSBI エコ
"TWSBI Precisionガンメタル万年筆, B","￥5,899.47",https://www.amazon.co.jp/dp/B07BK9SSWT,Amazon JP,ペン TWSBI エコ
TWSBI(ツイスビー) 万年筆 VAC mini B（太字） M7444410,"￥6,352.81",https://www.amazon.co.jp/dp/B019CY2JXK,Amazon JP,ペン TWSBI エコ
+2色/柄 エスコ(Esco) 0.5mm ﾊﾟﾝﾌﾞﾙペン(黒･赤･青･緑/ﾈｲﾋﾞｰ),￥314.33,https://www.amazon.co.jp/dp/B09S5V2KFZ,Amazon JP,ペン TWSBI エコ
エスコ(Esco) 0.4mm ボールペン(黒/ﾜｲﾝﾚｯﾄﾞ),￥119.09,https://www.amazon.co.jp/dp/B09S6117RD,Amazon JP,ペン TWSBI エコ
Deff ディーフ 高級ボールペン 曜,"THB 1,867.31",https://www.amazon.co.jp/dp/B0CT583MHB,Amazon JP,TWSBIエコ
novium Hoverpen Interstellar 宙に浮くペン ホバーペン (スペースブラック),"THB 2,821.72",https://www.amazon.co.jp/dp/B09DKXVWV4,Amazon JP,TWSBIエコ
[ララクリスティー] LARA Christie ボールペン メティス Metis PARKER パーカー ピンクゴールド,"THB 1,357.95",https://www.amazon.co.jp/dp/B0CBBF5QHZ,Amazon JP,TWSBIエコ
日本製 工芸磁器 回転式ボールペン 青星 CLJ_CTP_56,THB 684.68,https://www.amazon.co.jp/dp/B0GQYJQB44,Amazon JP,TWSBIエコ
PATIKIL 0.7mmボールペンインクリフィル 6個セット 中字 メタル製 黒,THB 145.24 ( THB 24.21 /個),https://www.amazon.co.jp/dp/B0CYKNR8ZL,Amazon JP,TWSBIエコ
パーカー ボールペン 純正 替え芯セット 高級,"THB 1,033.25",https://www.amazon.co.jp/dp/B09N6H2MDT,Amazon JP,TWSBIエコ
novium Hoverpen Classic ダークグレイ ギフトボックス入り,"THB 2,116.29",https://www.amazon.co.jp/dp/B09DKQZBCL,Amazon JP,TWSBIエコ
高級ボールペン 黒リフィル、男性と女性のための最高のボールペンギフトセットプロフェッショナルエグゼクティブ,[未提供],https://www.amazon.co.jp/dp/B0CHCNZ697,Amazon JP,TWSBIエコ
Hongdian M2ミニ万年筆ブラック極細字 やわらかい ペン先 アルミ,THB 663.93,https://www.amazon.co.jp/dp/B0F8ML1WR7,Amazon JP,TWSBIエコ
novium Hoverpen Future ボールペン ギフトボックス入り (ディープブラック),"THB 3,350.79",https://www.amazon.co.jp/dp/B0C6JQ9ZPC,Amazon JP,TWSBIエコ
モンブラン マイスターシュテュック ゴールドコーティング149 (ブラック×ゴールド),"THB 33,611.65",https://www.amazon.co.jp/dp/B0BT6PWHTB,Amazon JP,TWSBIエコ
京セラ ボールペン 水性 セラミックボールインクノリが良い 書きやすいカーボン複写 鮮明,THB 456.45 (22ポイント),https://www.amazon.co.jp/dp/B0DK2NY8DL,Amazon JP,TWSBIエコ
Garneck 万年筆 詰め替え器具,THB180.51,https://www.amazon.co.jp/dp/B0G4RKH364,Amazon JP,インク TWSBI エコ
TOYANDONA ヨイナンダ 万年筆インクコンバーター スポイト シリンジ 詰め替えツール,THB175.53,https://www.amazon.co.jp/dp/B0G66Z5SML,Amazon JP,インク TWSBI エコ
万年筆インク ボトル エーデルシュタイン 4.8 星 (3),THB591.32,https://www.amazon.co.jp/dp/B07SP9ZD62,Amazon JP,インク TWSBI エコ
TACCIA インク 水性染料 だいだい TFPI-WD40-04,THB194.20,https://www.amazon.co.jp/dp/B07J9XVMVC,Amazon JP,インク TWSBI エコ
ナカバヤシ TACCIA 万年筆用インク(水性染料) 喜多俊之/ラフナインク,THB379.89,https://www.amazon.co.jp/dp/B0BPH8FMPG,Amazon JP,インク TWSBI エコ
TACCIA 万年筆インク 水性染料 ジーンズインク ブラック TFPI-WD401-1,THB304.37,https://www.amazon.co.jp/dp/B07NSWM2SX,Amazon JP,インク TWSBI エコ
ナカバヤシ TACCIA 万年筆インク 水性染料 リップカラー インク バーガンディー TFPI-WD30-4,THB300.22,https://www.amazon.co.jp/dp/B07X6Y7GHQ,Amazon JP,インク TWSBI エコ
Ailunate 受付ペン デスクペン 署名ペン スタンド付き,THB 269.31 (￥840),https://www.amazon.co.jp/dp/B0CWD964B4,Amazon JP,ペン TWSBI エコ
デザインペン＆ペンスタnd 受付用,THB 207.27 (￥635),https://www.amazon.co.jp/dp/B0DD3P1FTC,Amazon JP,ペン TWSBI エコ
"快速旋回筆箱, ペン立て, ペンホルダー",THB 601.48 (￥1925),https://www.amazon.co.jp/dp/B08CT2PKYL,Amazon JP,ペン TWSBI エコ
Felimoa 受付ペン ボールペン スタンド付き,"THB 327.82 (￥1,045)",https://www.amazon.co.jp/dp/B0D1TM4KTM,Amazon JP,ペン TWSBI エコ
ぺんてる ボールペン ゲルインキ,"THB 163.91 (￥528) /個, THB 75.42 (￥240)",https://www.amazon.co.jp/dp/B08MZBK6G8,Amazon JP,ペン TWSBI エコ
Jinhao Tiandao 万年筆 #8,THB 263.9 (￥830),https://www.amazon.co.jp/dp/B0DYDJ49G1,Amazon JP,ペン TWSBI エコ
TaG タグサブマリン 高級万年筆,"THB 5,238.85 (￥16,760)",https://www.amazon.co.jp/dp/B0DBTNFWG5,Amazon JP,ペン TWSBI エコ
novium Hoverpen Interstellar マーズマグマ ボールペン ギフトボックス入り #1高評価,"THB 2,821.72",https://www.amazon.co.jp/dp/B09DKZPRBJ,Amazon JP,TWSBIエコ
[ウォーターマン] エキスパート エッセンシャル ブラックGT 細字 油性 ,"THB 3,693.13",https://www.amazon.co.jp/dp/B0GBQW7G47,Amazon JP,TWSBIエコ
[ウォーターマン] カレン ブラック・シーGT 中字 油性 ,"THB 3,506.40",https://www.amazon.co.jp/dp/B000J3X95Q,Amazon JP,TWSBIエコ
[クロス] ボールペン ベイリー ＡＴ０４５２−１２ ブルー ,"THB 1,240.73",https://www.amazon.co.jp/dp/B07T3DS6LQ,Amazon JP,TWSBIエコ
TACCIA 水性染料 もも 万年筆インク TFPI-WD40-06,THB228.43,https://www.amazon.co.jp/dp/B07J5457TD,Amazon JP,インク TWSBI エコ
デザインペン＆スタnd【替え芯付属】 デスクペン 受付ペン スタンド付き,"THB 207.27 (￥4,138)",https://www.amazon.co.jp/dp/B0DQTMPDFY,Amazon JP,ペン TWSBI エコ
モンブラン 万年筆 106520 マイスターシュテュック プラチナ クラシック,"THB 21,370.37",https://www.amazon.co.jp/dp/B0BT6XTM73,Amazon JP,TWSBIエコ
 BENECREAT 5穴インクボトルホルダー 木製 15mlインクボトル5個付き ペンホルダー,THB 383.63 + THB 360.81 配送料,https://www.amazon.co.jp/dp/B0FR24QHN8,Amazon JP,インク TWSBI エコ
ナカバヤシ TACCIA 万年筆用インク(水性染料) 喜多俊之/ラフナインク ローズピンク TFPI-WD43-3,THB 379.89 (过去价格: THB 447.12),https://www.amazon.co.jp/dp/B0BPHBLXVR,Amazon JP,インク TWSBI エコ
黒き森萬年筆極細字,"THB 487.58 (￥1,023)",https://www.amazon.co.jp/dp/B07ZXFSZTV,Amazon JP,ペン TWSBI エコ
EdisonBrain 高級ボールペン クロム風 アンティーク筆記具 シルバー 化粧箱付き ペン先径0.5mm (ノック式),"THB 3,236.68",https://www.amazon.co.jp/dp/B0DRFJKNGR,Amazon JP,TWSBIエコ
ペンホルダー ブラシホルダー 花瓶,"THB 386.5 (￥1,027) + 配送料 THB 330.72(￥9，042)",https://www.amazon.co.jp/dp/B0FXX8H8SL,Amazon JP,ペン TWSBI エコ
[手作り化粧箱] 日本製ステンレス ボールペン,"(THB 518.49 - THB (2,36) = 总价：(参考价格: ) 配送费为0，实际支付金额=总价值-优惠额+配送费用。",https://www.amazon.co.jp/dp/B0GNTGLKN6,Amazon JP,TWSBIエコ
TACCIA 万年筆用インク 水性染料 浮世絵インク 葛飾北斎 濃藍 TFPI-WD42-2,THB 405.83,https://www.amazon.co.jp/dp/B07X54BBG9,Amazon JP,インク TWSBI エコ
TACCIA すなおいろインク 万年筆インク 水性染料 つち,THB251.05,https://www.amazon.co.jp/dp/B07J543C7C,Amazon JP,インク TWSBI エコ
[novium] Hoverpen Future ボールペン 水晶シルバー ギフトボックス入り,"THB 3,350.79",https://www.amazon.co.jp/dp/B0C6JQLP4J,Amazon JP,TWSBIエコ
ぺんたて 卓上 オシャレ ペン立て,THB 358.72 (￥964),https://www.amazon.co.jp/dp/B0GH818FG1,Amazon JP,ペン TWSBI エコ
ペン立て ペンスタンド 1個セット,￥176.77 + 配送费: THB322.42 = 总价：约589元 (THB500),https://www.amazon.co.jp/dp/B0C5VNDQ4C,Amazon JP,ペン TWSBI エコ
[ゼンシェル] ボールペン 金属製 油性 黒インク 替え芯2本付き ギフト メンズ,THB 341.30 THB 341 . 30 参考: THB 373.26,https://www.amazon.co.jp/dp/B0FVSYGY8Q,Amazon JP,TWSBIエコ
